{"auto_0_01": {"1": {"1": {"delay": 57.815, "loss": 0.002145129691736525, "tput": 53.44547188503894}, "all": {"delay": 57.815, "loss": 0.002145129691736525, "tput": 53.44547188503894}}}, "auto_0_02": {"1": {"1": {"delay": 61.186, "loss": 0.0031328332605804476, "tput": 57.936268585479375}, "all": {"delay": 61.186, "loss": 0.0031328332605804476, "tput": 57.936268585479375}}}, "auto_0_05": {"1": {"1": {"delay": 60.539, "loss": 0.0026947012718138152, "tput": 60.54096488547243}, "all": {"delay": 60.539, "loss": 0.0026947012718138152, "tput": 60.54096488547243}}}, "auto_0_1": {"1": {"1": {"delay": 61.934, "loss": 0.008514289820833243, "tput": 60.82806767366738}, "all": {"delay": 61.934, "loss": 0.008514289820833243, "tput": 60.82806767366738}}}, "auto_0_2": {"1": {"1": {"delay": 61.577, "loss": 0.003005561785689559, "tput": 63.27729528544373}, "all": {"delay": 61.577, "loss": 0.003005561785689559, "tput": 63.27729528544373}}}}