{"auto_0_2": {"1": {"1": {"delay": 65.06, "loss": 0.015560348700016324, "tput": 65.34799452266823}, "all": {"delay": 65.06, "loss": 0.015560348700016324, "tput": 65.34799452266823}}}}