{"auto_0_01": {"1": {"1": {"delay": 60.403, "loss": 0.0035494502444236575, "tput": 57.91308217416288}, "all": {"delay": 60.403, "loss": 0.0035494502444236575, "tput": 57.91308217416288}}}, "auto_0_02": {"1": {"1": {"delay": 62.024, "loss": 0.00449406865204538, "tput": 59.449322972886605}, "all": {"delay": 62.024, "loss": 0.00449406865204538, "tput": 59.449322972886605}}}, "auto_0_05": {"1": {"1": {"delay": 61.244, "loss": 0.003181442603961804, "tput": 59.420818573683285}, "all": {"delay": 61.244, "loss": 0.003181442603961804, "tput": 59.420818573683285}}}, "auto_0_1": {"1": {"1": {"delay": 61.103, "loss": 0.003433724450086384, "tput": 61.53928583929161}, "all": {"delay": 61.103, "loss": 0.003433724450086384, "tput": 61.53928583929161}}}, "auto_0_2": {"1": {"1": {"delay": 63.248, "loss": 0.005465091385587595, "tput": 62.40351967305519}, "all": {"delay": 63.248, "loss": 0.005465091385587595, "tput": 62.40351967305519}}}}