{"auto_0_05": {"1": {"1": {"delay": 58.517, "loss": 0.00890555396319559, "tput": 59.497578204987676}, "all": {"delay": 58.517, "loss": 0.00890555396319559, "tput": 59.497578204987676}}}, "fillp": {"1": {"1": {"delay": 63.737, "loss": 0.06324086005889573, "tput": 70.50835489393525}, "all": {"delay": 63.737, "loss": 0.06324086005889573, "tput": 70.50835489393525}}}, "cubic": {"1": {"1": {"delay": 52.954, "loss": 0.0019473609018859639, "tput": 9.240051311366525}, "all": {"delay": 52.954, "loss": 0.0019473609018859639, "tput": 9.240051311366525}}}, "aurora": {"1": {"1": {"delay": 59.484, "loss": 0.050638622426355195, "tput": 24.650548369235462}, "all": {"delay": 59.484, "loss": 0.050638622426355195, "tput": 24.650548369235462}}}, "vivace": {"1": {"1": {"delay": 60.986, "loss": 0.007219862763602758, "tput": 67.33014429464326}, "all": {"delay": 60.986, "loss": 0.007219862763602758, "tput": 67.33014429464326}}}, "bbr": {"1": {"1": {"delay": 65.204, "loss": 0.02253459264259139, "tput": 74.76611237391451}, "all": {"delay": 65.204, "loss": 0.02253459264259139, "tput": 74.76611237391451}}}, "indigo": {"1": {"1": {"delay": 59.575, "loss": 0.012127104998812976, "tput": 75.17196279004403}, "all": {"delay": 59.575, "loss": 0.012127104998812976, "tput": 75.17196279004403}}}, "auto_0_3": {"1": {"1": {"delay": 59.423, "loss": 0.033144393582570486, "tput": 69.65862279524725}, "all": {"delay": 59.423, "loss": 0.033144393582570486, "tput": 69.65862279524725}}}, "vegas": {"1": {"1": {"delay": 56.942, "loss": 0.024582502968668152, "tput": 7.7739938184897275}, "all": {"delay": 56.942, "loss": 0.024582502968668152, "tput": 7.7739938184897275}}}, "ledbat": {"1": {"1": {"delay": 54.29, "loss": 0.0036739207731489865, "tput": 7.131703269305949}, "all": {"delay": 54.29, "loss": 0.0036739207731489865, "tput": 7.131703269305949}}}, "pcc": {"1": {"1": {"delay": 64.628, "loss": 0.01635754319841376, "tput": 72.96742113350324}, "all": {"delay": 64.628, "loss": 0.01635754319841376, "tput": 72.96742113350324}}}, "copa": {"1": {"1": {"delay": 59.327, "loss": 0.17536206025876766, "tput": 63.5598540129414}, "all": {"delay": 59.327, "loss": 0.17536206025876766, "tput": 63.5598540129414}}}, "auto_0_1": {"1": {"1": {"delay": 59.09, "loss": 0.015625466186588777, "tput": 63.20245686529649}, "all": {"delay": 59.09, "loss": 0.015625466186588777, "tput": 63.20245686529649}}}, "auto_0_7": {"1": {"1": {"delay": 59.543, "loss": 0.046457930431842764, "tput": 73.21264326221501}, "all": {"delay": 59.543, "loss": 0.046457930431842764, "tput": 73.21264326221501}}}, "taova": {"1": {"1": {"delay": 59.286, "loss": 0.1106022137818502, "tput": 27.264257885992308}, "all": {"delay": 59.286, "loss": 0.1106022137818502, "tput": 27.264257885992308}}}, "auto_0_2": {"1": {"1": {"delay": 59.171, "loss": 0.017540474100261272, "tput": 65.53937158807493}, "all": {"delay": 59.171, "loss": 0.017540474100261272, "tput": 65.53937158807493}}}}