{"fillp": {"1": {"1": {"delay": 636.901, "loss": 0.2874886835652677, "tput": 2.521387721118538}, "all": {"delay": 636.901, "loss": 0.2874886835652677, "tput": 2.521387721118538}}}, "auto_pcc9": {"1": {"1": {"delay": 771.587, "loss": 0.9142120759670372, "tput": 2.5581595782387248}, "all": {"delay": 771.587, "loss": 0.9142120759670372, "tput": 2.5581595782387248}}}, "auto_pcc8": {"1": {"1": {"delay": 771.467, "loss": 0.9208791693527945, "tput": 2.558117005939747}, "all": {"delay": 771.467, "loss": 0.9208791693527945, "tput": 2.558117005939747}}}, "auto_pcc7": {"1": {"1": {"delay": 771.362, "loss": 0.9250220157973673, "tput": 2.5664964965803803}, "all": {"delay": 771.362, "loss": 0.9250220157973673, "tput": 2.5664964965803803}}}, "auto_pcc6": {"1": {"1": {"delay": 771.577, "loss": 0.9446048736045634, "tput": 2.5587970066755212}, "all": {"delay": 771.577, "loss": 0.9446048736045634, "tput": 2.5587970066755212}}}, "auto_pcc5": {"1": {"1": {"delay": 771.484, "loss": 0.9354321387350703, "tput": 2.557676885949408}, "all": {"delay": 771.484, "loss": 0.9354321387350703, "tput": 2.557676885949408}}}, "auto_pcc4": {"1": {"1": {"delay": 772.002, "loss": 0.9407125710498873, "tput": 2.549471186821054}, "all": {"delay": 772.002, "loss": 0.9407125710498873, "tput": 2.549471186821054}}}, "auto_pcc3": {"1": {"1": {"delay": 771.049, "loss": 0.8886595515866917, "tput": 2.5493933257205774}, "all": {"delay": 771.049, "loss": 0.8886595515866917, "tput": 2.5493933257205774}}}, "auto_pcc2": {"1": {"1": {"delay": 771.479, "loss": 0.9356126121491611, "tput": 2.5581596463839236}, "all": {"delay": 771.479, "loss": 0.9356126121491611, "tput": 2.5581596463839236}}}, "auto_pcc1": {"1": {"1": {"delay": 771.065, "loss": 0.8699338140577269, "tput": 2.5485366316957165}, "all": {"delay": 771.065, "loss": 0.8699338140577269, "tput": 2.5485366316957165}}}}