{"auto_0_7": {"1": {"1": {"delay": 50.092, "loss": 0.0015329141976325733, "tput": 80.79091115786319}, "all": {"delay": 50.092, "loss": 0.0015329141976325733, "tput": 80.79091115786319}}}, "auto_0_6": {"1": {"1": {"delay": 50.145, "loss": 0.0015429655472080084, "tput": 78.7431474038622}, "all": {"delay": 50.145, "loss": 0.0015429655472080084, "tput": 78.7431474038622}}}}