{"fillp": {"1": {"1": {"delay": 399.798, "loss": 0.5363533717146335, "tput": 0.5078851877033431}, "all": {"delay": 399.798, "loss": 0.5363533717146335, "tput": 0.5078851877033431}}}, "auto_pcc9": {"1": {"1": {"delay": 500.34, "loss": 0.9909975518184668, "tput": 0.5247986893980966}, "all": {"delay": 500.34, "loss": 0.9909975518184668, "tput": 0.5247986893980966}}}, "auto_pcc8": {"1": {"1": {"delay": 498.409, "loss": 0.991735463061773, "tput": 0.5256761612350249}, "all": {"delay": 498.409, "loss": 0.991735463061773, "tput": 0.5256761612350249}}}, "auto_pcc7": {"1": {"1": {"delay": 497.474, "loss": 0.9917827612528962, "tput": 0.5250398032703181}, "all": {"delay": 497.474, "loss": 0.9917827612528962, "tput": 0.5250398032703181}}}, "auto_pcc6": {"1": {"1": {"delay": 497.398, "loss": 0.9921175980562814, "tput": 0.5171899472422529}, "all": {"delay": 497.398, "loss": 0.9921175980562814, "tput": 0.5171899472422529}}}, "auto_pcc5": {"1": {"1": {"delay": 497.303, "loss": 0.9919089480773715, "tput": 0.525328935537631}, "all": {"delay": 497.303, "loss": 0.9919089480773715, "tput": 0.525328935537631}}}, "auto_pcc4": {"1": {"1": {"delay": 498.325, "loss": 0.991950593828593, "tput": 0.5233214702413972}, "all": {"delay": 498.325, "loss": 0.991950593828593, "tput": 0.5233214702413972}}}, "auto_pcc3": {"1": {"1": {"delay": 499.752, "loss": 0.9899363054730788, "tput": 0.5256561952144457}, "all": {"delay": 499.752, "loss": 0.9899363054730788, "tput": 0.5256561952144457}}}, "auto_pcc2": {"1": {"1": {"delay": 486.226, "loss": 0.8054743095288652, "tput": 0.5090131196645575}, "all": {"delay": 486.226, "loss": 0.8054743095288652, "tput": 0.5090131196645575}}}, "auto_pcc1": {"1": {"1": {"delay": 498.401, "loss": 0.989111041288393, "tput": 0.5246591690377478}, "all": {"delay": 498.401, "loss": 0.989111041288393, "tput": 0.5246591690377478}}}}