{"copa": {"1": {"1": {"delay": 624.732, "loss": 0.1244817411697966, "tput": 27.369225365681704}, "all": {"delay": 624.732, "loss": 0.1244817411697966, "tput": 27.369225365681704}}}, "fillp": {"1": {"1": {"delay": 409.197, "loss": 0.038539694862049445, "tput": 14.980823031079485}, "all": {"delay": 409.197, "loss": 0.038539694862049445, "tput": 14.980823031079485}}}, "cubic": {"1": {"1": {"delay": 402.026, "loss": 0.017092763667027056, "tput": 1.0726999770471495}, "all": {"delay": 402.026, "loss": 0.017092763667027056, "tput": 1.0726999770471495}}}, "aurora": {"1": {"1": {"delay": 401.918, "loss": 0.02680402634777379, "tput": 5.306822764289838}, "all": {"delay": 401.918, "loss": 0.02680402634777379, "tput": 5.306822764289838}}}, "auto_0_01": {"1": {"1": {"delay": 442.2, "loss": 0.03190640288699709, "tput": 21.243240413814473}, "all": {"delay": 442.2, "loss": 0.03190640288699709, "tput": 21.243240413814473}}}, "vivace": {"1": {"1": {"delay": 736.964, "loss": 0.032384966095732604, "tput": 22.71636643612288}, "all": {"delay": 736.964, "loss": 0.032384966095732604, "tput": 22.71636643612288}}}, "indigo": {"1": {"1": {"delay": 500.14, "loss": 0.017064689098841068, "tput": 20.401473009911268}, "all": {"delay": 500.14, "loss": 0.017064689098841068, "tput": 20.401473009911268}}}, "auto_0_005": {"1": {"1": {"delay": 415.067, "loss": 0.04348141844382114, "tput": 16.34548557905176}, "all": {"delay": 415.067, "loss": 0.04348141844382114, "tput": 16.34548557905176}}}, "vegas": {"1": {"1": {"delay": 401.988, "loss": 0.011534047547188675, "tput": 0.5574032189908795}, "all": {"delay": 401.988, "loss": 0.011534047547188675, "tput": 0.5574032189908795}}}, "ledbat": {"1": {"1": {"delay": 403.915, "loss": 0.05942340539135249, "tput": 0.18604222960772476}, "all": {"delay": 403.915, "loss": 0.05942340539135249, "tput": 0.18604222960772476}}}, "auto_0_5": {"1": {"1": {"delay": 584.88, "loss": 0.029996122046803353, "tput": 29.55220112923796}, "all": {"delay": 584.88, "loss": 0.029996122046803353, "tput": 29.55220112923796}}}, "pcc": {"1": {"1": {"delay": 753.442, "loss": 0.4544393638206857, "tput": 30.9177858339284}, "all": {"delay": 753.442, "loss": 0.4544393638206857, "tput": 30.9177858339284}}}, "auto_0_7": {"1": {"1": {"delay": 828.69, "loss": 0.0842143031510999, "tput": 31.654359499809743}, "all": {"delay": 828.69, "loss": 0.0842143031510999, "tput": 31.654359499809743}}}, "bbr": {"1": {"1": {"delay": 504.03, "loss": 0.059903780608458246, "tput": 9.479221055805674}, "all": {"delay": 504.03, "loss": 0.059903780608458246, "tput": 9.479221055805674}}}, "taova": {"1": {"1": {"delay": 416.473, "loss": 0.0077204547650824296, "tput": 4.134239999036962}, "all": {"delay": 416.473, "loss": 0.0077204547650824296, "tput": 4.134239999036962}}}}