{"copa": {"1": {"1": {"delay": 386.738, "loss": 0.007514993087682331, "tput": 2.599697461444792}, "all": {"delay": 386.738, "loss": 0.007514993087682331, "tput": 2.599697461444792}}}, "fillp": {"1": {"1": {"delay": 805.802, "loss": 0.026880846389710777, "tput": 2.9668447598183656}, "all": {"delay": 805.802, "loss": 0.026880846389710777, "tput": 2.9668447598183656}}}, "cubic": {"1": {"1": {"delay": 1824.982, "loss": 0.08045632375792555, "tput": 2.941020040183056}, "all": {"delay": 1824.982, "loss": 0.08045632375792555, "tput": 2.941020040183056}}}, "vivace": {"1": {"1": {"delay": 163.954, "loss": 0.005597449459098569, "tput": 1.831113984117562}, "all": {"delay": 163.954, "loss": 0.005597449459098569, "tput": 1.831113984117562}}}, "auto_0_05": {"1": {"1": {"delay": 261.621, "loss": 0.007356256299816177, "tput": 2.478978613333736}, "all": {"delay": 261.621, "loss": 0.007356256299816177, "tput": 2.478978613333736}}}, "auto_0_3": {"1": {"1": {"delay": 340.783, "loss": 0.005932000629357059, "tput": 2.8741165533021804}, "all": {"delay": 340.783, "loss": 0.005932000629357059, "tput": 2.8741165533021804}}}, "verus": {"1": {"1": {"delay": 1694.381, "loss": 0.04755631669081806, "tput": 2.888497257351589}, "all": {"delay": 1694.381, "loss": 0.04755631669081806, "tput": 2.888497257351589}}}, "auto_0_5": {"1": {"1": {"delay": 426.632, "loss": 0.006362133173462459, "tput": 2.9337718120777967}, "all": {"delay": 426.632, "loss": 0.006362133173462459, "tput": 2.9337718120777967}}}, "indigo": {"1": {"1": {"delay": 179.035, "loss": 0.007064612355889288, "tput": 1.383112804800856}, "all": {"delay": 179.035, "loss": 0.007064612355889288, "tput": 1.383112804800856}}}, "auto_0_6": {"1": {"1": {"delay": 727.95, "loss": 0.012835461241854085, "tput": 3.014985369557389}, "all": {"delay": 727.95, "loss": 0.012835461241854085, "tput": 3.014985369557389}}}, "bbr": {"1": {"1": {"delay": 730.742, "loss": 0.014956546997985876, "tput": 2.813463904119248}, "all": {"delay": 730.742, "loss": 0.014956546997985876, "tput": 2.813463904119248}}}, "ledbat": {"1": {"1": {"delay": 278.694, "loss": 0.00898147319528686, "tput": 2.4318849082057876}, "all": {"delay": 278.694, "loss": 0.00898147319528686, "tput": 2.4318849082057876}}}, "auto_0_2": {"1": {"1": {"delay": 331.029, "loss": 0.004044774555751474, "tput": 2.713683456900248}, "all": {"delay": 331.029, "loss": 0.004044774555751474, "tput": 2.713683456900248}}}}