{"copa": {"1": {"1": {"delay": 386.738, "loss": 0.007514993087682331, "tput": 2.599697461444792}, "all": {"delay": 386.738, "loss": 0.007514993087682331, "tput": 2.599697461444792}}}, "fillp": {"1": {"1": {"delay": 805.802, "loss": 0.026880846389710777, "tput": 2.9668447598183656}, "all": {"delay": 805.802, "loss": 0.026880846389710777, "tput": 2.9668447598183656}}}, "cubic": {"1": {"1": {"delay": 1824.982, "loss": 0.08045632375792555, "tput": 2.941020040183056}, "all": {"delay": 1824.982, "loss": 0.08045632375792555, "tput": 2.941020040183056}}}, "aurora": {"1": {"1": {"delay": 379.783, "loss": 0.007165875396963561, "tput": 2.8732483744373027}, "all": {"delay": 379.783, "loss": 0.007165875396963561, "tput": 2.8732483744373027}}}, "vivace": {"1": {"1": {"delay": 163.954, "loss": 0.005597449459098569, "tput": 1.831113984117562}, "all": {"delay": 163.954, "loss": 0.005597449459098569, "tput": 1.831113984117562}}}, "indigo": {"1": {"1": {"delay": 179.035, "loss": 0.007064612355889288, "tput": 1.383112804800856}, "all": {"delay": 179.035, "loss": 0.007064612355889288, "tput": 1.383112804800856}}}, "auto_0_3": {"1": {"1": {"delay": 340.783, "loss": 0.005932000629357059, "tput": 2.8741165533021804}, "all": {"delay": 340.783, "loss": 0.005932000629357059, "tput": 2.8741165533021804}}}, "vegas": {"1": {"1": {"delay": 1014.364, "loss": 0.02922734588420517, "tput": 2.9425739732796905}, "all": {"delay": 1014.364, "loss": 0.02922734588420517, "tput": 2.9425739732796905}}}, "ledbat": {"1": {"1": {"delay": 278.694, "loss": 0.00898147319528686, "tput": 2.4318849082057876}, "all": {"delay": 278.694, "loss": 0.00898147319528686, "tput": 2.4318849082057876}}}, "auto_0_5": {"1": {"1": {"delay": 426.632, "loss": 0.006362133173462459, "tput": 2.9337718120777967}, "all": {"delay": 426.632, "loss": 0.006362133173462459, "tput": 2.9337718120777967}}}, "pcc": {"1": {"1": {"delay": 1423.79, "loss": 0.016063267457749997, "tput": 2.2142311482723613}, "all": {"delay": 1423.79, "loss": 0.016063267457749997, "tput": 2.2142311482723613}}}, "auto_0_6": {"1": {"1": {"delay": 727.95, "loss": 0.012835461241854085, "tput": 3.014985369557389}, "all": {"delay": 727.95, "loss": 0.012835461241854085, "tput": 3.014985369557389}}}, "auto_0_1": {"1": {"1": {"delay": 255.502, "loss": 0.0044839091289647914, "tput": 2.531945338278673}, "all": {"delay": 255.502, "loss": 0.0044839091289647914, "tput": 2.531945338278673}}}, "bbr": {"1": {"1": {"delay": 730.742, "loss": 0.014956546997985876, "tput": 2.813463904119248}, "all": {"delay": 730.742, "loss": 0.014956546997985876, "tput": 2.813463904119248}}}, "taova": {"1": {"1": {"delay": 208.429, "loss": 0.0070015890522950874, "tput": 2.3164980073545847}, "all": {"delay": 208.429, "loss": 0.0070015890522950874, "tput": 2.3164980073545847}}}, "auto_0_2": {"1": {"1": {"delay": 323.621, "loss": 0.005160300176115906, "tput": 2.74822574987164}, "all": {"delay": 323.621, "loss": 0.005160300176115906, "tput": 2.74822574987164}}}}